{"graph_0": {"_type": "graph-file", "path": "media/graph/graph_0_summary_0a512d7d.graph.json", "sha256": "0a512d7d4841c66d0d43371c5659719e3a5271c7f3580fa397694eab204bb780", "size": 20909}, "epoch": 0, "_runtime": 308.5191218852997, "loss": 2.3741211891174316, "_timestamp": 1583124017.1603599, "_step": 11}
