{"graph_0": {"_type": "graph-file", "path": "media/graph/graph_0_summary_6a63b8e9.graph.json", "sha256": "6a63b8e9c0aa00eab8414269bb4963956ab887fa8c6f0ea2995f94a73dfc9d53", "size": 616}, "_runtime": 6.242241144180298, "epoch": 0, "_timestamp": 1583090637.0530891, "loss": 2.3067870140075684, "_step": 41}
