{"graph_0": {"_type": "graph-file", "path": "media/graph/graph_0_summary_40eb8081.graph.json", "sha256": "40eb8081526568281fce1f5ee4495284a51f9506fa9216120f323bae51317344", "size": 622}, "loss": 6.5415120124816895, "_timestamp": 1583124103.24851, "_runtime": 64.47075772285461, "epoch": 0, "_step": 49}
